age,sex,bmi,bp,s1,s2,s3,s4,s5,s6,target
0.030277297,0.022882656,0.025062779,-0.106430168,-0.086843921,-0.11408429,0.083994128,-0.001429555,-0.055662637,-0.0513707988,37.0
0.046469853,0.044592171,-0.059548876,-0.023069903,-0.0449213301,-0.1081354515,0.075158867,0.071081019,-0.070235667,-0.0068685454,37.0
0.072611799,0.013594603,-0.05766738,-0.079631627,-0.0850256782,-0.1101094953,0.104803506,-0.002390301,0.039948151,0.0126882499,37.0
-0.030088636,0.007687625,-0.061441312,-0.032775108,-0.0641612199,-0.1047628729,-0.021628934,0.095457075,-0.053327448,0.0123457166,37.0
-0.046430476,0.041805287,-0.074553711,-0.006297927,0.0376295461,-0.1090116858,0.065109809,-0.03551859,0.000156964,-0.0266577704,37.0
0.005924807,-0.041052135,-0.056224218,-0.036127919,-0.0421555552,-0.1040797544,0.044363054,0.108559837,0.034967152,0.0315808221,37.0
0.024284931,-0.039688117,-0.04547083,-0.106556868,-0.0850141582,-0.1095692015,0.082355456,-0.00917602,0.002733416,0.0437650546,37.0
